frame.time_epoch,ip.src,ip.dst,tcp.srcport,tcp.dstport,tcp.seq,tcp.ack,tcp.len,tcp.flags,tcp.analysis.bytes_in_flight,tcp.analysis.ack_rtt,tcp.options.mptcp.rawdataack,tcp.options.mptcp.rawdataseqno
1529186070.906374000,192.168.43.236,118.190.155.212,58245,8000,0,0,0,0x00000002,,,,
1529186071.094696000,118.190.155.212,192.168.43.236,8000,58245,0,1,0,0x00000012,,0.188322000,,
1529186071.094817000,192.168.43.236,118.190.155.212,58245,8000,1,1,0,0x00000010,,0.000121000,,
1529186071.690723000,192.168.43.236,118.190.155.212,58245,8000,1,1,0,0x00000010,,,,
1529186071.734841000,118.190.155.212,192.168.43.236,8000,58245,1,0,0,0x00000004,,,,
