frame.time_epoch,ip.src,ip.dst,tcp.srcport,tcp.dstport,tcp.seq,tcp.ack,tcp.len,tcp.flags,tcp.analysis.bytes_in_flight,tcp.analysis.ack_rtt,tcp.options.mptcp.rawdataack,tcp.options.mptcp.rawdataseqno
1529185935.847751000,192.168.43.236,118.190.155.212,39773,8000,0,0,0,0x00000002,,,,
1529185936.000022000,118.190.155.212,192.168.43.236,8000,39773,0,1,0,0x00000012,,0.152271000,,
1529185936.000100000,192.168.43.236,118.190.155.212,39773,8000,1,1,0,0x00000010,,0.000078000,,
1529185936.490713000,192.168.43.236,118.190.155.212,39773,8000,1,1,0,0x00000010,,,,
1529185936.539392000,118.190.155.212,192.168.43.236,8000,39773,1,0,0,0x00000004,,,,
