frame.time_epoch,ip.src,ip.dst,tcp.srcport,tcp.dstport,tcp.seq,tcp.ack,tcp.len,tcp.flags,tcp.analysis.bytes_in_flight,tcp.analysis.ack_rtt,tcp.options.mptcp.rawdataack,tcp.options.mptcp.rawdataseqno
1529185800.780595000,192.168.43.236,118.190.155.212,41155,8000,0,0,0,0x00000002,,,,
1529185800.978544000,118.190.155.212,192.168.43.236,8000,41155,0,1,0,0x00000012,,0.197949000,,
1529185800.978623000,192.168.43.236,118.190.155.212,41155,8000,1,1,0,0x00000010,,0.000079000,,
1529185801.578718000,192.168.43.236,118.190.155.212,41155,8000,1,1,0,0x00000010,,,,
1529185801.633172000,118.190.155.212,192.168.43.236,8000,41155,1,0,0,0x00000004,,,,
