frame.time_epoch,ip.src,ip.dst,tcp.srcport,tcp.dstport,tcp.seq,tcp.ack,tcp.len,tcp.flags,tcp.analysis.bytes_in_flight,tcp.analysis.ack_rtt,tcp.options.mptcp.rawdataack,tcp.options.mptcp.rawdataseqno
1529185995.144073000,192.168.43.127,118.190.155.212,48350,8000,0,0,0,0x00000002,,,,
1529185995.374566000,118.190.155.212,192.168.43.127,8000,48350,0,1,0,0x00000012,,0.230493000,,
1529185995.374627000,192.168.43.127,118.190.155.212,48350,8000,1,1,0,0x00000010,,0.000061000,2964885054,
1529185995.374640000,192.168.43.127,118.190.155.212,48350,8000,1,1,0,0x00000010,,,2964885054,
1529185995.374693000,192.168.43.127,118.190.155.212,48350,8000,1,1,125,0x00000018,125,,2964885054,2631329407
