frame.time_epoch,ip.src,ip.dst,tcp.srcport,tcp.dstport,tcp.seq,tcp.ack,tcp.len,tcp.flags,tcp.analysis.bytes_in_flight,tcp.analysis.ack_rtt,tcp.options.mptcp.rawdataack,tcp.options.mptcp.rawdataseqno
1529186341.376433000,192.168.43.236,118.190.155.212,40045,8000,0,0,0,0x00000002,,,,
1529186341.578543000,118.190.155.212,192.168.43.236,8000,40045,0,1,0,0x00000012,,0.202110000,,
1529186341.578678000,192.168.43.236,118.190.155.212,40045,8000,1,1,0,0x00000010,,0.000135000,,
1529186342.218709000,192.168.43.236,118.190.155.212,40045,8000,1,1,0,0x00000010,,,,
1529186342.262722000,118.190.155.212,192.168.43.236,8000,40045,1,0,0,0x00000004,,,,
